text,category_name
"모모래빗 2022 뉴 에코씽씽 팬티 4단계 대형 여아 (104매) 모모래빗 {""단계"": {""4단계"": true}, ""KC인증"": {""안전확인인증"": ""상세설명 / 판매 사이트 문의인증번호 확인"", ""적합성평가인증"": ""상세설명 / 판매 사이트 문의인증번호 확인""}, ""사이즈"": {""대형"": true}, ""manufacturer"": ""모모래빗"", ""등록년월"": ""2022년 05월"", ""제조회사"": ""모모래빗""}",홈 > 식품/유아/완구 > 분유/기저귀/물티슈 > 기저귀
"하기스 네이처메이드 밤부팬티 6단계 점보-남아 (38매) 유한킴벌리 {""품목"": {""기저귀"": true}, ""KC인증"": {""안전확인인증"": ""상세설명 / 판매 사이트 문의인증번호 확인"", ""적합성평가인증"": ""상세설명 / 판매 사이트 문의인증번호 확인""}, ""manufacturer"": ""유한킴벌리"", ""등록년월"": ""2023년 01월"", ""제조회사"": ""유한킴벌리""}",홈 > 식품/유아/완구 > 분유/기저귀/물티슈 > 기저귀
"하기스 2022 네이처메이드 썸머 밴드형 2단계-공용 (304매) 유한킴벌리 {""단계"": {""2단계"": true}, ""밴드"": {""매직벨트"": true, ""와이드허리밴드"": true, ""유연한다리밴드"": true, ""부드러운허리밴드"": true}, ""성별"": {""공용"": true}, ""커버"": {""교체시기알림"": true, ""소프트안커버"": true}, ""품목"": {""여름기저귀"": true}, ""형태"": {""밴드형"": true}, ""KC인증"": {""안전확인인증"": ""상세설명 / 판매 사이트 문의인증번호 확인"", ""적합성평가인증"": ""상세설명 / 판매 사이트 문의인증번호 확인""}, ""사이즈"": {""소형"": true}, ""샘방지"": {""샘방지안심포켓"": true}, ""테이프"": {""원터치매직테이프"": true}, ""흡수성"": {""강력흡수"": true, ""에어터널"": true, ""스피드흡수"": true, ""와이드흡수"": true, ""울트라씬코어흡수층"": true}, ""manufacturer"": ""유한킴벌리"", ""권장무게"": {""4~5kg"": ""4~8kg""}, ""등록년월"": ""2022년 04월"", ""제조회사"": ""유한킴벌리"", ""피부보호"": {""판테놀"": true}}",홈 > 식품/유아/완구 > 분유/기저귀/물티슈 > 기저귀
"산도깨비 ㅤ프리미엄 참조은 물티슈 캡형 100매 (1팩) 산도깨비 {""원단"": ""플레인"", ""종류"": ""손소독티슈"", ""특징"": {""피부 저자극"": true}, ""형태"": ""캡형"", ""KC인증"": {""안전확인인증"": ""상세설명 / 판매 사이트 문의인증번호 확인"", ""적합성평가인증"": ""상세설명 / 판매 사이트 문의인증번호 확인""}, ""한팩당"": ""100매"", ""manufacturer"": ""산도깨비"", ""등록년월"": ""2021년 06월"", ""제조회사"": ""산도깨비""}",홈 > 식품/유아/완구 > 분유/기저귀/물티슈 > 물티슈
"닥터큐 ㅤ살균 소독티슈 하늘색 캡형 80매 (1팩) 닥터큐 {""원단"": ""엠보싱"", ""종류"": ""손소독티슈"", ""특징"": {""살균·소독"": true}, ""형태"": ""캡형"", ""KC인증"": {""안전확인인증"": ""상세설명 / 판매 사이트 문의인증번호 확인"", ""적합성평가인증"": ""상세설명 / 판매 사이트 문의인증번호 확인""}, ""한팩당"": ""80매"", ""manufacturer"": ""닥터큐"", ""등록년월"": ""2019년 01월"", ""제조회사"": ""닥터큐""}",홈 > 식품/유아/완구 > 분유/기저귀/물티슈 > 물티슈
"아이러브베베 블루 물티슈 캡형 80매 (20팩) 지앤티클린 아이러브베베 {""분류"": {""물티슈"": true}, ""용도"": {""유아용"": true}, ""원단"": {""엠보싱"": true}, ""인증"": {""더마테스트"": true}, ""종류"": {""물티슈"": true}, ""평량"": {""~55gsm"": ""52gsm""}, ""형태"": {""캡형"": true}, ""KC인증"": {""안전확인인증"": ""상세설명 / 판매 사이트 문의인증번호 확인"", ""적합성평가인증"": ""상세설명 / 판매 사이트 문의인증번호 확인""}, ""manufacturer"": ""지앤티클린 아이러브베베"", ""등록년월"": ""2020년 08월"", ""정수단계"": {""n단계정수"": ""6단계정수""}, ""제조회사"": ""지앤티클린 아이러브베베"", ""한팩당 매수"": {""61~90"": true}}",홈 > 식품/유아/완구 > 분유/기저귀/물티슈 > 물티슈
"압타밀 프로푸투라 신바이오틱+ 2단계 900g (1개) 뉴트리시아 압타밀 {""단계"": {""2단계"": true}, ""종류"": {""일반분유"": true}, ""품목"": {""분유"": true}, ""형태"": {""분말"": true}, ""KC인증"": {""안전확인인증"": ""상세설명 / 판매 사이트 문의인증번호 확인"", ""적합성평가인증"": ""상세설명 / 판매 사이트 문의인증번호 확인""}, ""manufacturer"": ""뉴트리시아 압타밀"", ""등록년월"": ""2019년 07월"", ""제조회사"": ""뉴트리시아 압타밀"", ""최소연령"": {""6개월~"": true}}",홈 > 식품/유아/완구 > 분유/기저귀/물티슈 > 분유
"매일유업 앱솔루트 플래티넘 산양 1단계 750g (1개) 매일유업 {""단계"": {""1단계"": true}, ""종류"": {""산양분유"": true}, ""품목"": {""분유"": true}, ""함량"": {""함량"": ""산양고형분38%""}, ""형태"": {""분말"": true}, ""KC인증"": {""안전확인인증"": ""상세설명 / 판매 사이트 문의인증번호 확인"", ""적합성평가인증"": ""상세설명 / 판매 사이트 문의인증번호 확인""}, ""manufacturer"": ""매일유업"", ""등록년월"": ""2018년 11월"", ""제조회사"": ""매일유업"", ""최소연령"": {""0개월~"": true}}",홈 > 식품/유아/완구 > 분유/기저귀/물티슈 > 분유
"남양유업 2023 아이엠마더 2단계 800g (3개) 남양유업 {""단계"": {""2단계"": true}, ""품목"": {""분유"": true}, ""형태"": {""분말"": true}, ""KC인증"": {""안전확인인증"": ""상세설명 / 판매 사이트 문의인증번호 확인"", ""적합성평가인증"": ""상세설명 / 판매 사이트 문의인증번호 확인""}, ""manufacturer"": ""남양유업"", ""등록년월"": ""2023년 02월"", ""제조회사"": ""남양유업"", ""초유성분"": {""초유성분"": true}, ""최소연령"": {""6개월~"": true}}",홈 > 식품/유아/완구 > 분유/기저귀/물티슈 > 분유
"또또맘 푸룬사과양배추 젤리 15g (2개) 농업회사법인그로위드 {""KC인증"": {""안전확인인증"": ""상세설명 / 판매 사이트 문의인증번호 확인"", ""적합성평가인증"": ""상세설명 / 판매 사이트 문의인증번호 확인""}, ""manufacturer"": ""농업회사법인그로위드"", ""등록년월"": ""2023년 06월"", ""제조회사"": ""농업회사법인그로위드""}",홈 > 식품/유아/완구 > 분유/기저귀/물티슈 > 유아간식/영양제
"쌀과자마을 처으미야 퍼핑B 세트 6p 아이과자 쌀과자마을 {""KC인증"": {""안전확인인증"": ""상세설명 / 판매 사이트 문의인증번호 확인"", ""적합성평가인증"": ""상세설명 / 판매 사이트 문의인증번호 확인""}, ""manufacturer"": ""쌀과자마을"", ""등록년월"": ""2020년 12월"", ""제조회사"": ""쌀과자마을""}",홈 > 식품/유아/완구 > 분유/기저귀/물티슈 > 유아간식/영양제
"웅진식품 캐치티니핑 제로 샤인머스캣 200ml (6개) 웅진식품 {""품목"": {""주스"": true}, ""KC인증"": {""안전확인인증"": ""상세설명 / 판매 사이트 문의인증번호 확인"", ""적합성평가인증"": ""상세설명 / 판매 사이트 문의인증번호 확인""}, ""manufacturer"": ""웅진식품"", ""등록년월"": ""2025년 10월"", ""보관방식"": {""상온"": true}, ""제조회사"": ""웅진식품"", ""포장용기"": {""플라스틱병"": true}}",홈 > 식품/유아/완구 > 분유/기저귀/물티슈 > 유아간식/영양제
"베베쿡 다짐 대구살 80g (1개) 베베쿡 {""수량"": {""수량(개수)"": ""1개""}, ""용량"": {""용량"": ""80g""}, ""품목"": {""이유식재료"": true}, ""KC인증"": {""안전확인인증"": ""상세설명 / 판매 사이트 문의인증번호 확인"", ""적합성평가인증"": ""상세설명 / 판매 사이트 문의인증번호 확인""}, ""manufacturer"": ""베베쿡"", ""등록년월"": ""2018년 04월"", ""보관방식"": {""냉동"": true}, ""인증정보"": {""HACCP인증"": true}, ""제조회사"": ""베베쿡""}",홈 > 식품/유아/완구 > 분유/기저귀/물티슈 > 이유식/유아식
"아이배냇 김자반 야채 25g (1개) 아이배냇 {""당류"": {""당류"": ""2g""}, ""수량"": {""수량(개수)"": ""1개""}, ""열량"": {""열량"": ""170kcal""}, ""용량"": {""용량"": ""25g""}, ""지방"": {""지방"": ""15g"", ""지방(%)"": ""28%""}, ""품목"": {""반찬"": true}, ""KC인증"": {""안전확인인증"": ""상세설명 / 판매 사이트 문의인증번호 확인"", ""적합성평가인증"": ""상세설명 / 판매 사이트 문의인증번호 확인""}, ""나트륨"": {""나트륨"": ""95mg"", ""나트륨(%)"": ""5%""}, ""단백질"": {""단백질"": ""4g"", ""단백질(%)"": ""7%""}, ""manufacturer"": ""아이배냇"", ""등록년월"": ""2019년 10월"", ""영양성분"": {""[영양성분]"": true}, ""인증정보"": {""HACCP인증"": true}, ""제조회사"": ""아이배냇"", ""탄수화물"": {""탄수화물"": ""5g"", ""탄수화물(%)"": ""2%""}, ""포화지방"": {""포화지방"": ""1.2g"", ""포화지방(%)"": ""8%""}, ""콜레스테롤"": {""콜레스테롤"": ""0mg""}, ""트랜스지방"": {""트랜스지방"": ""0g""}, ""표시기준분량"": {""표시기준분량"": ""25g""}}",홈 > 식품/유아/완구 > 분유/기저귀/물티슈 > 이유식/유아식
"짱죽 반찬 무감자조림 100g 1개 혼합맛 무/감자 짱죽 {""KC인증"": {""안전확인인증"": ""상세설명 / 판매 사이트 문의인증번호 확인"", ""적합성평가인증"": ""상세설명 / 판매 사이트 문의인증번호 확인""}, ""manufacturer"": ""짱죽"", ""등록년월"": ""2023년 08월"", ""제조회사"": ""짱죽""}",홈 > 식품/유아/완구 > 분유/기저귀/물티슈 > 이유식/유아식
"베이비베이커리 램스&베어_핑크 베이비베이커리 {""구성"": {""구성"": ""기저귀+곰인형오르골+타올턱받이+워시타올,손수건+풍경+리본장식""}, ""성별"": {""여아용"": true}, ""품목"": {""기저귀케이크"": true}, ""형태"": {""1단"": true}, ""KC인증"": {""안전확인인증"": ""상세설명 / 판매 사이트 문의인증번호 확인"", ""적합성평가인증"": ""상세설명 / 판매 사이트 문의인증번호 확인""}, ""manufacturer"": ""베이비베이커리"", ""등록년월"": ""2016년 05월"", ""제조회사"": ""베이비베이커리""}",홈 > 식품/유아/완구 > 분유/기저귀/물티슈 > 천기저귀/용품
"클로즈 뱀부 내피 천기저귀 (1장) 클로즈 {""KC인증"": {""안전확인인증"": ""상세설명 / 판매 사이트 문의인증번호 확인"", ""적합성평가인증"": ""상세설명 / 판매 사이트 문의인증번호 확인""}, ""manufacturer"": ""클로즈"", ""등록년월"": ""2017년 06월"", ""제조회사"": ""클로즈""}",홈 > 식품/유아/완구 > 분유/기저귀/물티슈 > 천기저귀/용품
"무루 소형 1단계 땅콩 기저귀 커버 무루 {""품목"": {""기저귀커버"": true}, ""KC인증"": {""안전확인인증"": ""상세설명 / 판매 사이트 문의인증번호 확인"", ""적합성평가인증"": ""상세설명 / 판매 사이트 문의인증번호 확인""}, ""manufacturer"": ""무루"", ""등록년월"": ""2017년 03월"", ""제조회사"": ""무루""}",홈 > 식품/유아/완구 > 분유/기저귀/물티슈 > 천기저귀/용품
"크레용 ㄷ자형 좁은면 모서리 보호대 2M 크레용 {""품목"": {""품목"": ""모서리보호대""}, ""KC인증"": {""안전확인인증"": ""상세설명 / 판매 사이트 문의인증번호 확인"", ""적합성평가인증"": ""상세설명 / 판매 사이트 문의인증번호 확인""}, ""manufacturer"": ""크레용"", ""등록년월"": ""2018년 10월"", ""제조회사"": ""크레용""}",홈 > 식품/유아/완구 > 완구/로봇/놀이매트 > 놀이방매트/안전용품
"도어 스토퍼 욕실문 도어완충 어린이집 학교 문  {""품목"": {""품목"": ""안전장치""}, ""KC인증"": {""안전확인인증"": ""상세설명 / 판매 사이트 문의인증번호 확인"", ""적합성평가인증"": ""상세설명 / 판매 사이트 문의인증번호 확인""}, ""등록년월"": ""2019년 03월""}",홈 > 식품/유아/완구 > 완구/로봇/놀이매트 > 놀이방매트/안전용품
"셀러허브 A형 양면 PE입간판 공사 현황판 아크릴포켓 산업 현장 S12030842 셀러허브 {""품목"": {""놀이방매트"": true, ""완구/블록/매트"": true, ""놀이방매트/안전용품"": true}, ""KC인증"": {""안전확인인증"": ""상세설명 / 판매 사이트 문의인증번호 확인"", ""적합성평가인증"": ""상세설명 / 판매 사이트 문의인증번호 확인""}, ""manufacturer"": ""셀러허브"", ""등록년월"": ""2025년 05월"", ""제조회사"": ""셀러허브""}",홈 > 식품/유아/완구 > 완구/로봇/놀이매트 > 놀이방매트/안전용품
"레고 스타워즈 코러산트 가드 건쉽 (75354) (일반구매) 레고 {""품목"": {""블록"": true}, ""KC인증"": {""안전확인인증"": ""상세설명 / 판매 사이트 문의인증번호 확인"", ""적합성평가인증"": ""상세설명 / 판매 사이트 문의인증번호 확인""}, ""시리즈"": {""스타워즈"": true}, ""조각수"": {""~1,500조각"": ""1083조각""}, ""manufacturer"": ""레고"", ""대상연령"": {""9~11세부터"": ""9세이상""}, ""등록년월"": ""2023년 09월"", ""제조회사"": ""레고""}",홈 > 식품/유아/완구 > 완구/로봇/놀이매트 > 레고/블럭
"레고 Ferrari F40 슈퍼카 (76934) (일반구매) 레고 {""품목"": {""블록"": true}, ""KC인증"": {""안전확인인증"": ""상세설명 / 판매 사이트 문의인증번호 확인"", ""적합성평가인증"": ""상세설명 / 판매 사이트 문의인증번호 확인""}, ""시리즈"": {""스피드챔피언"": true}, ""조각수"": {""~500조각"": ""318조각""}, ""manufacturer"": ""레고"", ""대상연령"": {""9~11세부터"": ""9세이상""}, ""등록년월"": ""2024년 08월"", ""제조회사"": ""레고""}",홈 > 식품/유아/완구 > 완구/로봇/놀이매트 > 레고/블럭
"레고 Bugatti Centodieci 하이퍼 스포츠카 (77240) (일반구매) 레고 {""품목"": {""블록"": true}, ""KC인증"": {""안전확인인증"": ""상세설명 / 판매 사이트 문의인증번호 확인"", ""적합성평가인증"": ""상세설명 / 판매 사이트 문의인증번호 확인""}, ""시리즈"": {""스피드챔피언"": true}, ""조각수"": {""~300조각"": ""291조각""}, ""manufacturer"": ""레고"", ""대상연령"": {""9~11세부터"": ""9세이상""}, ""등록년월"": ""2025년 08월"", ""제조회사"": ""레고""}",홈 > 식품/유아/완구 > 완구/로봇/놀이매트 > 레고/블럭
"에스에이엠지엔터테인먼트 메탈카드봇W 팬텀호넷 에스에이엠지엔터테인먼트 {""구성"": {""구성"": ""팬텀호넷본체,로봇카드,웨폰카드""}, ""기능"": {""변신"": true}, ""변형"": {""변형(↔)"": ""로봇↔헬리콥터""}, ""품목"": {""로봇"": true}, ""KC인증"": {""안전확인인증"": ""상세설명 / 판매 사이트 문의인증번호 확인"", ""적합성평가인증"": ""상세설명 / 판매 사이트 문의인증번호 확인""}, ""캐릭터"": {""캐릭터"": ""메탈카드봇""}, ""manufacturer"": ""에스에이엠지엔터테인먼트"", ""대상연령"": {""3~4세부터"": ""36개월이상""}, ""등록년월"": ""2025년 11월"", ""제조회사"": ""에스에이엠지엔터테인먼트""}",홈 > 식품/유아/완구 > 완구/로봇/놀이매트 > 로봇/배틀카드
"포켓몬코리아 포켓몬카드 스칼렛 바이올렛 하이클래스팩 샤이니트레저 ex (10팩) 포켓몬코리아 {""품목"": {""배틀카드"": true}, ""KC인증"": {""안전확인인증"": ""상세설명 / 판매 사이트 문의인증번호 확인"", ""적합성평가인증"": ""상세설명 / 판매 사이트 문의인증번호 확인""}, ""캐릭터"": {""포켓몬스터"": true}, ""manufacturer"": ""포켓몬코리아"", ""대상연령"": {""7~8세부터"": ""8세이상""}, ""등록년월"": ""2024년 01월"", ""제조회사"": ""포켓몬코리아""}",홈 > 식품/유아/완구 > 완구/로봇/놀이매트 > 로봇/배틀카드
"초이락컨텐츠컴퍼니 헬로카봇 쏘나타 아티 초이락컨텐츠컴퍼니 {""기능"": {""변신"": true}, ""변형"": {""변형(↔)"": ""자동차(쏘나타)↔로봇""}, ""품목"": {""로봇"": true}, ""KC인증"": {""안전확인인증"": ""상세설명 / 판매 사이트 문의인증번호 확인"", ""적합성평가인증"": ""상세설명 / 판매 사이트 문의인증번호 확인""}, ""캐릭터"": {""헬로카봇"": true}, ""manufacturer"": ""초이락컨텐츠컴퍼니"", ""대상연령"": {""3~4세부터"": ""37개월부터""}, ""등록년월"": ""2015년 04월"", ""제조회사"": ""초이락컨텐츠컴퍼니""}",홈 > 식품/유아/완구 > 완구/로봇/놀이매트 > 로봇/배틀카드
"피노키오 핑크퐁 아기상어 샤워놀이 522557 피노키오 {""품목"": {""목욕완구"": true, ""물놀이완구"": true, ""완구/블록/매트"": true}, ""KC인증"": {""안전확인인증"": ""상세설명 / 판매 사이트 문의인증번호 확인"", ""적합성평가인증"": ""상세설명 / 판매 사이트 문의인증번호 확인""}, ""manufacturer"": ""피노키오"", ""등록년월"": ""2025년 11월"", ""제조회사"": ""피노키오""}",홈 > 식품/유아/완구 > 완구/로봇/놀이매트 > 물놀이완구
"꼬꼬마 물총 1500 랜덤 꼬꼬마 {""KC인증"": {""안전확인인증"": ""상세설명 / 판매 사이트 문의인증번호 확인"", ""적합성평가인증"": ""상세설명 / 판매 사이트 문의인증번호 확인""}, ""manufacturer"": ""꼬꼬마"", ""등록년월"": ""2023년 05월"", ""제조회사"": ""꼬꼬마""}",홈 > 식품/유아/완구 > 완구/로봇/놀이매트 > 물놀이완구
"에프비존 애들랜드 스피닝 터보 버블건 핑크 (1개) 에프비존 {""품목"": {""비눗방울"": true}, ""KC인증"": {""안전확인인증"": ""상세설명 / 판매 사이트 문의인증번호 확인"", ""적합성평가인증"": ""상세설명 / 판매 사이트 문의인증번호 확인""}, ""manufacturer"": ""에프비존"", ""등록년월"": ""2022년 12월"", ""제조회사"": ""에프비존""}",홈 > 식품/유아/완구 > 완구/로봇/놀이매트 > 물놀이완구
"아이존 액티비티 멀티쏘서 국민육아템 아기쏘서 아이존 {""품목"": {""쏘서/점퍼루"": true, ""젖병/출산/육아용품"": true}, ""KC인증"": {""안전확인인증"": ""상세설명 / 판매 사이트 문의인증번호 확인"", ""적합성평가인증"": ""상세설명 / 판매 사이트 문의인증번호 확인""}, ""manufacturer"": ""아이존"", ""등록년월"": ""2023년 07월"", ""제조회사"": ""아이존""}",홈 > 식품/유아/완구 > 완구/로봇/놀이매트 > 신생아/영유아완구
"윈펀 반짝반짝 케이크 링쌓기 윈펀 {""품목"": {""감각발달완구"": true}, ""KC인증"": {""안전확인인증"": ""상세설명 / 판매 사이트 문의인증번호 확인"", ""적합성평가인증"": ""상세설명 / 판매 사이트 문의인증번호 확인""}, ""manufacturer"": ""윈펀"", ""등록년월"": ""2012년 10월"", ""제조회사"": ""윈펀""}",홈 > 식품/유아/완구 > 완구/로봇/놀이매트 > 신생아/영유아완구
"스마트베베 국민보행기 제3탄 싸커보행기 스마트베베 {""품목"": {""감각발달완구"": true}, ""KC인증"": {""안전확인인증"": ""상세설명 / 판매 사이트 문의인증번호 확인"", ""적합성평가인증"": ""상세설명 / 판매 사이트 문의인증번호 확인""}, ""manufacturer"": ""스마트베베"", ""등록년월"": ""2019년 07월"", ""제조회사"": ""스마트베베"", ""러닝홈 멜로디 기능"": {""X"": true}}",홈 > 식품/유아/완구 > 완구/로봇/놀이매트 > 신생아/영유아완구
"아이존 뽀로로 더블하우스 볼텐트 (볼100개) 아이존 {""품목"": {""놀이텐트"": true}, ""KC인증"": {""안전확인인증"": ""상세설명 / 판매 사이트 문의인증번호 확인"", ""적합성평가인증"": ""상세설명 / 판매 사이트 문의인증번호 확인""}, ""manufacturer"": ""아이존"", ""대상연령"": {""0세부터"": ""12개월부터""}, ""등록년월"": ""2013년 11월"", ""제조회사"": ""아이존""}",홈 > 식품/유아/완구 > 완구/로봇/놀이매트 > 실내대형완구
"아이팜 쉘 베이비룸 10P세트 (문포함) 에스엠코프 아이팜 {""안전"": {""[안전]"": true}, ""품목"": {""베이비룸"": true}, ""KC인증"": {""안전확인인증"": ""상세설명 / 판매 사이트 문의인증번호 확인"", ""적합성평가인증"": ""상세설명 / 판매 사이트 문의인증번호 확인""}, ""manufacturer"": ""에스엠코프 아이팜"", ""대상연령"": {""0세부터"": ""3개월이상""}, ""등록년월"": ""2020년 11월"", ""잠금장치"": {""O"": true}, ""제조회사"": ""에스엠코프 아이팜""}",홈 > 식품/유아/완구 > 완구/로봇/놀이매트 > 실내대형완구
"꿈비 284x240 양면이중코팅 더블원피스 하이가드 베이비룸 가드세트 양면매트+가드16p 꿈비 {""품목"": {""안전용품"": true, ""완구/블록/매트"": true, ""놀이방매트/베이비룸"": true}, ""KC인증"": {""안전확인인증"": ""상세설명 / 판매 사이트 문의인증번호 확인"", ""적합성평가인증"": ""상세설명 / 판매 사이트 문의인증번호 확인""}, ""manufacturer"": ""꿈비"", ""등록년월"": ""2023년 03월"", ""제조회사"": ""꿈비""}",홈 > 식품/유아/완구 > 완구/로봇/놀이매트 > 실내대형완구
"에불로보 프랑스 애착인형 슈퍼 그랜드 울프룰루 에불로보 {""품목"": {""엄마놀이"": true, ""역할놀이"": true, ""장난감 / 완구"": true}, ""KC인증"": {""안전확인인증"": ""상세설명 / 판매 사이트 문의인증번호 확인"", ""적합성평가인증"": ""상세설명 / 판매 사이트 문의인증번호 확인""}, ""manufacturer"": ""에불로보"", ""등록년월"": ""2019년 04월"", ""제조회사"": ""에불로보""}",홈 > 식품/유아/완구 > 완구/로봇/놀이매트 > 역할놀이/소꿉놀이
"h05 꼬마 로얄소프트베이커리&생선16개+소프트교구바구니  {""품목"": {""주방놀이"": true, ""장난감 / 완구"": true, ""주방/가게놀이"": true}, ""KC인증"": {""안전확인인증"": ""상세설명 / 판매 사이트 문의인증번호 확인"", ""적합성평가인증"": ""상세설명 / 판매 사이트 문의인증번호 확인""}, ""등록년월"": ""2020년 09월""}",홈 > 식품/유아/완구 > 완구/로봇/놀이매트 > 역할놀이/소꿉놀이
"플레이맥스 캐니멀 싹둑싹둑 과일자르기 ((+보관함)27종) 플레이맥스 {""품목"": {""주방놀이"": true}, ""KC인증"": {""안전확인인증"": ""상세설명 / 판매 사이트 문의인증번호 확인"", ""적합성평가인증"": ""상세설명 / 판매 사이트 문의인증번호 확인""}, ""manufacturer"": ""플레이맥스"", ""대상연령"": {""3~4세부터"": ""37개월부터""}, ""등록년월"": ""2013년 09월"", ""제조회사"": ""플레이맥스""}",홈 > 식품/유아/완구 > 완구/로봇/놀이매트 > 역할놀이/소꿉놀이
"포켓몬스터 포켓몬스터 썬 문 포켓몬스터 {""품목"": {""미술완구"": true}, ""KC인증"": {""안전확인인증"": ""상세설명 / 판매 사이트 문의인증번호 확인"", ""적합성평가인증"": ""상세설명 / 판매 사이트 문의인증번호 확인""}, ""manufacturer"": ""포켓몬스터"", ""등록년월"": ""2018년 09월"", ""제조회사"": ""포켓몬스터""}",홈 > 식품/유아/완구 > 완구/로봇/놀이매트 > 음악/미술놀이
"도너랜드 칼라점토 5색 클레이 점토 도너랜드 {""품목"": {""클레이"": true, ""미술완구"": true, ""장난감 / 완구"": true}, ""KC인증"": {""안전확인인증"": ""상세설명 / 판매 사이트 문의인증번호 확인"", ""적합성평가인증"": ""상세설명 / 판매 사이트 문의인증번호 확인""}, ""manufacturer"": ""도너랜드"", ""등록년월"": ""2020년 03월"", ""제조회사"": ""도너랜드""}",홈 > 식품/유아/완구 > 완구/로봇/놀이매트 > 음악/미술놀이
"유니아트 8000 슈퍼금사A 리본 롤 유니아트 {""품목"": {""기타"": true, ""미술완구"": true, ""장난감 / 완구"": true}, ""KC인증"": {""안전확인인증"": ""상세설명 / 판매 사이트 문의인증번호 확인"", ""적합성평가인증"": ""상세설명 / 판매 사이트 문의인증번호 확인""}, ""manufacturer"": ""유니아트"", ""등록년월"": ""2019년 10월"", ""제조회사"": ""유니아트""}",홈 > 식품/유아/완구 > 완구/로봇/놀이매트 > 음악/미술놀이
"에스에이엠지엔터테인먼트 프린세스 캐치티니핑 팬시하트 하트라이트 키링 에스에이엠지엔터테인먼트 {""특징"": {""불빛"": true}, ""품목"": {""요술봉"": true}, ""KC인증"": {""안전확인인증"": ""상세설명 / 판매 사이트 문의인증번호 확인"", ""적합성평가인증"": ""상세설명 / 판매 사이트 문의인증번호 확인""}, ""캐릭터"": {""캐치티니핑"": true}, ""manufacturer"": ""에스에이엠지엔터테인먼트"", ""대상연령"": {""3~4세부터"": ""3세이상""}, ""등록년월"": ""2025년 10월"", ""제조회사"": ""에스에이엠지엔터테인먼트""}",홈 > 식품/유아/완구 > 완구/로봇/놀이매트 > 인기 캐릭터완구
"에스에이엠지엔터테인먼트 슈팅스타 캐치티니핑 스타 하츄핑 (28cm) 에스에이엠지엔터테인먼트 {""품목"": {""봉제인형"": true}, ""KC인증"": {""안전확인인증"": ""상세설명 / 판매 사이트 문의인증번호 확인"", ""적합성평가인증"": ""상세설명 / 판매 사이트 문의인증번호 확인""}, ""캐릭터"": {""캐치티니핑"": true}, ""manufacturer"": ""에스에이엠지엔터테인먼트"", ""대상연령"": {""3~4세부터"": ""3세이상""}, ""등록년월"": ""2024년 10월"", ""제조회사"": ""에스에이엠지엔터테인먼트""}",홈 > 식품/유아/완구 > 완구/로봇/놀이매트 > 인기 캐릭터완구
"에스에이엠지엔터테인먼트 프린세스 캐치티니핑 하트라이트 에스에이엠지엔터테인먼트 {""특징"": {""불빛"": true, ""소리"": true}, ""품목"": {""요술봉"": true}, ""KC인증"": {""안전확인인증"": ""상세설명 / 판매 사이트 문의인증번호 확인"", ""적합성평가인증"": ""상세설명 / 판매 사이트 문의인증번호 확인""}, ""캐릭터"": {""캐치티니핑"": true}, ""manufacturer"": ""에스에이엠지엔터테인먼트"", ""대상연령"": {""3~4세부터"": ""3세이상""}, ""등록년월"": ""2025년 10월"", ""제조회사"": ""에스에이엠지엔터테인먼트""}",홈 > 식품/유아/완구 > 완구/로봇/놀이매트 > 인기 캐릭터완구
"미미월드 포차코 리틀미미 미미월드 {""품목"": {""마론인형"": true}, ""KC인증"": {""안전확인인증"": ""상세설명 / 판매 사이트 문의인증번호 확인"", ""적합성평가인증"": ""상세설명 / 판매 사이트 문의인증번호 확인""}, ""캐릭터"": {""미미시리즈"": true, ""산리오캐릭터즈"": true}, ""manufacturer"": ""미미월드"", ""대상연령"": {""3~4세부터"": ""37개월이상""}, ""등록년월"": ""2024년 03월"", ""제조회사"": ""미미월드""}",홈 > 식품/유아/완구 > 완구/로봇/놀이매트 > 인형/피규어
"미미월드 애교쟁이 강아지 식빵멍이 미미월드 {""특징"": {""소리"": true}, ""품목"": {""작동인형"": true}, ""KC인증"": {""안전확인인증"": ""상세설명 / 판매 사이트 문의인증번호 확인"", ""적합성평가인증"": ""상세설명 / 판매 사이트 문의인증번호 확인""}, ""manufacturer"": ""미미월드"", ""대상연령"": {""3~4세부터"": ""3세이상""}, ""등록년월"": ""2025년 02월"", ""제조회사"": ""미미월드""}",홈 > 식품/유아/완구 > 완구/로봇/놀이매트 > 인형/피규어
"톨로 톨로 내친구뱀 인형 톨로 {""품목"": {""봉제인형"": true, ""장난감 / 완구"": true}, ""KC인증"": {""안전확인인증"": ""상세설명 / 판매 사이트 문의인증번호 확인"", ""적합성평가인증"": ""상세설명 / 판매 사이트 문의인증번호 확인""}, ""manufacturer"": ""톨로"", ""등록년월"": ""2018년 10월"", ""제조회사"": ""톨로""}",홈 > 식품/유아/완구 > 완구/로봇/놀이매트 > 인형/피규어
"아두이노 열전대 온도 센서 모듈 용 MAX31855 MAX6675 타입 아두이노 {""품목"": {""DIY/학습완구"": true, ""완구/블록/매트"": true, ""자연학습/과학완구"": true}, ""KC인증"": {""안전확인인증"": ""상세설명 / 판매 사이트 문의인증번호 확인"", ""적합성평가인증"": ""상세설명 / 판매 사이트 문의인증번호 확인""}, ""manufacturer"": ""아두이노"", ""등록년월"": ""2024년 03월"", ""제조회사"": ""아두이노""}",홈 > 식품/유아/완구 > 완구/로봇/놀이매트 > 자연/과학완구
"프라임사이언스 물먹는새R/드링킹 버드 프라임사이언스 {""품목"": {""과학완구"": true}, ""KC인증"": {""안전확인인증"": ""상세설명 / 판매 사이트 문의인증번호 확인"", ""적합성평가인증"": ""상세설명 / 판매 사이트 문의인증번호 확인""}, ""manufacturer"": ""프라임사이언스"", ""등록년월"": ""2015년 08월"", ""제조회사"": ""프라임사이언스""}",홈 > 식품/유아/완구 > 완구/로봇/놀이매트 > 자연/과학완구
"제일과학 과학상자 6호 제일과학 {""구성"": {""구성"": ""모터,구동기어,기어드모터,건전지상자,가이드북,설명서""}, ""품목"": {""블록"": true, ""과학상자"": true}, ""KC인증"": {""안전확인인증"": ""상세설명 / 판매 사이트 문의인증번호 확인"", ""적합성평가인증"": ""상세설명 / 판매 사이트 문의인증번호 확인""}, ""조각수"": {""~2,000조각"": ""1800조각""}, ""manufacturer"": ""제일과학"", ""대상연령"": {""9~13세부터"": ""10세부터""}, ""등록년월"": ""2014년 03월"", ""제조회사"": ""제일과학""}",홈 > 식품/유아/완구 > 완구/로봇/놀이매트 > 자연/과학완구
"마이크로킥보드 마이크로 트릭스 레인보우 (아쿠아) 마이크로킥보드 {""종류"": ""유아동킥보드"", ""특징"": {""무게"": ""3.8kg"", ""풋브레이크"": true, ""미끄럼방지 발판"": true, ""미끄럼방지 손잡이"": true}, ""KC인증"": {""안전확인인증"": ""상세설명 / 판매 사이트 문의인증번호 확인"", ""적합성평가인증"": ""B571R077-3003A인증번호 확인""}, ""manufacturer"": ""마이크로킥보드"", ""등록년월"": ""2016년 06월"", ""사용연령"": ""13세이상"", ""운전방식"": ""핸들조작"", ""제조회사"": ""마이크로킥보드"", ""한계체중"": ""100kg이하""}",홈 > 식품/유아/완구 > 완구/로봇/놀이매트 > 킥보드/승용완구
"마이크로킥보드 맥시 T 디럭스 LED 에코 마이크로킥보드 {""무게"": ""2.5kg"", ""종류"": ""유아동킥보드"", ""KC인증"": {""안전확인인증"": ""상세설명 / 판매 사이트 문의인증번호 확인"", ""적합성평가인증"": ""상세설명 / 판매 사이트 문의인증번호 확인""}, ""manufacturer"": ""마이크로킥보드"", ""등록년월"": ""2022년 10월"", ""사용연령"": ""8세이상"", ""운전방식"": ""무게중심이동"", ""제조회사"": ""마이크로킥보드"", ""한계체중"": ""60kg""}",홈 > 식품/유아/완구 > 완구/로봇/놀이매트 > 킥보드/승용완구
"손오공 다트존 새비지 스핀 손오공 {""KC인증"": {""안전확인인증"": ""상세설명 / 판매 사이트 문의인증번호 확인"", ""적합성평가인증"": ""상세설명 / 판매 사이트 문의인증번호 확인""}, ""manufacturer"": ""손오공"", ""등록년월"": ""2023년 01월"", ""제조회사"": ""손오공""}",홈 > 식품/유아/완구 > 완구/로봇/놀이매트 > 킥보드/승용완구
"메리튠 얼티밋 휴대용 부스터 아기띠 (라일락그레이) 메리튠 {""품목"": {""아기띠"": true}, ""KC인증"": {""안전확인인증"": ""상세설명 / 판매 사이트 문의인증번호 확인"", ""적합성평가인증"": ""상세설명 / 판매 사이트 문의인증번호 확인""}, ""manufacturer"": ""메리튠"", ""등록년월"": ""2020년 03월"", ""제조회사"": ""메리튠"", ""허용무게"": {""허용무게"": ""7~15kg까지""}}",홈 > 식품/유아/완구 > 유모차/카시트/외출 > 아기띠/외출용품
"피에고 제로 베이비캐리어 아기띠 + 베이비캐리어 힙시트 피에고 {""품목"": {""세트"": true, ""아기띠"": true, ""힙시트"": true}, ""KC인증"": {""안전확인인증"": ""상세설명 / 판매 사이트 문의인증번호 확인"", ""적합성평가인증"": ""상세설명 / 판매 사이트 문의인증번호 확인""}, ""manufacturer"": ""피에고"", ""등록년월"": ""2024년 04월"", ""제조회사"": ""피에고""}",홈 > 식품/유아/완구 > 유모차/카시트/외출 > 아기띠/외출용품
"아트박스 텀블러 레터링 수납가방 데일리 캔버스  {""품목"": {""기저귀가방"": true}, ""KC인증"": {""안전확인인증"": ""상세설명 / 판매 사이트 문의인증번호 확인"", ""적합성평가인증"": ""상세설명 / 판매 사이트 문의인증번호 확인""}, ""등록년월"": ""2019년 02월""}",홈 > 식품/유아/완구 > 유모차/카시트/외출 > 아기띠/외출용품
"마루스 리프 쌍둥이 가드 2인용 마루스 {""품목"": {""쌍둥이용"": true, ""출산/육아용품"": true, ""유모차/유모차용품"": true}, ""KC인증"": {""안전확인인증"": ""상세설명 / 판매 사이트 문의인증번호 확인"", ""적합성평가인증"": ""상세설명 / 판매 사이트 문의인증번호 확인""}, ""manufacturer"": ""마루스"", ""등록년월"": ""2012년 01월"", ""제조회사"": ""마루스""}",홈 > 식품/유아/완구 > 유모차/카시트/외출 > 유모차
"치코 베스트프랜드 유모차 (일반) 치코 {""품목"": {""유모차"": true}, ""KC인증"": {""안전확인인증"": ""상세설명 / 판매 사이트 문의인증번호 확인"", ""적합성평가인증"": ""상세설명 / 판매 사이트 문의인증번호 확인""}, ""manufacturer"": ""치코"", ""등록년월"": ""2021년 04월"", ""벨트타입"": {""5점식벨트"": true}, ""사용대상"": {""대상연령"": ""6개월~36개월""}, ""제조회사"": ""치코"", ""최소연령"": {""24개월 미만"": true}, ""출시년도"": {""2020년"": true}, ""허용무게"": {""허용무게"": ""~15kg까지""}, ""유모차무게"": {""8~10kg"": true, ""중량"": ""10kg""}, ""유모차 종류"": {""절충형"": true}}",홈 > 식품/유아/완구 > 유모차/카시트/외출 > 유모차
"킨즈 르베르 S 유모카 프리미엄 접이식 유모차 컵홀더+후기이벤트 방풍커버 증정 킨즈 {""품목"": {""초경량/휴대용"": true, ""출산/육아용품"": true, ""유모차/유모차용품"": true}, ""KC인증"": {""안전확인인증"": ""상세설명 / 판매 사이트 문의인증번호 확인"", ""적합성평가인증"": ""상세설명 / 판매 사이트 문의인증번호 확인""}, ""manufacturer"": ""킨즈"", ""등록년월"": ""2023년 02월"", ""제조회사"": ""킨즈""}",홈 > 식품/유아/완구 > 유모차/카시트/외출 > 유모차
"리안 페도라 C0 신생아 바구니 카시트 방풍커버 리안 {""품목"": {""유모차용품"": true, ""출산/육아용품"": true, ""유모차커버/모기장"": true}, ""KC인증"": {""안전확인인증"": ""상세설명 / 판매 사이트 문의인증번호 확인"", ""적합성평가인증"": ""상세설명 / 판매 사이트 문의인증번호 확인""}, ""manufacturer"": ""리안"", ""등록년월"": ""2018년 12월"", ""제조회사"": ""리안""}",홈 > 식품/유아/완구 > 유모차/카시트/외출 > 유모차용품
"맘네스트 리안 솔로 절충형 유모차 전용 방한커버-블루블랙 맘네스트 {""품목"": {""유모차용품"": true, ""출산/육아용품"": true, ""유모차커버/모기장"": true}, ""KC인증"": {""안전확인인증"": ""상세설명 / 판매 사이트 문의인증번호 확인"", ""적합성평가인증"": ""상세설명 / 판매 사이트 문의인증번호 확인""}, ""manufacturer"": ""맘네스트"", ""등록년월"": ""2020년 04월"", ""제조회사"": ""맘네스트""}",홈 > 식품/유아/완구 > 유모차/카시트/외출 > 유모차용품
"두키 햇빛가리개 두키 {""품목"": {""햇빛가리개"": true}, ""KC인증"": {""안전확인인증"": ""상세설명 / 판매 사이트 문의인증번호 확인"", ""적합성평가인증"": ""상세설명 / 판매 사이트 문의인증번호 확인""}, ""manufacturer"": ""두키"", ""등록년월"": ""2015년 05월"", ""제조회사"": ""두키""}",홈 > 식품/유아/완구 > 유모차/카시트/외출 > 유모차용품
"베베누보 프리미엄 다이렉트 윈디 통풍 쿨시트 유모차 카시트 라이너 베베누보 {""품목"": {""카시트"": true, ""출산/육아용품"": true}, ""KC인증"": {""안전확인인증"": ""상세설명 / 판매 사이트 문의인증번호 확인"", ""적합성평가인증"": ""상세설명 / 판매 사이트 문의인증번호 확인""}, ""manufacturer"": ""베베누보"", ""등록년월"": ""2022년 06월"", ""제조회사"": ""베베누보""}",홈 > 식품/유아/완구 > 유모차/카시트/외출 > 카시트
"에어보스 신생아 다기능 인펜트 바구니 카시트 (민트그레이) 에어보스 {""특징"": {""[특징]"": true}, ""KC인증"": {""안전확인인증"": ""상세설명 / 판매 사이트 문의인증번호 확인"", ""적합성평가인증"": ""상세설명 / 판매 사이트 문의인증번호 확인""}, ""manufacturer"": ""에어보스"", ""대상연령"": {""신생아용"": true}, ""등록년월"": ""2024년 04월"", ""벨트타입"": {""3점식벨트"": true}, ""사용대상"": {""대상연령"": ""신생아~3세""}, ""제조회사"": ""에어보스"", ""허용무게"": {""11~15kg"": true, ""허용무게"": ""0~13kg""}, ""카시트 형태"": {""바구니형"": true}}",홈 > 식품/유아/완구 > 유모차/카시트/외출 > 카시트
"조이키즈 폭신폭신 코끼리 운전놀이 카시트 유모차 핸들토이 유모차장난감 조이키즈 {""품목"": {""카시트"": true, ""출산/육아용품"": true}, ""KC인증"": {""안전확인인증"": ""상세설명 / 판매 사이트 문의인증번호 확인"", ""적합성평가인증"": ""상세설명 / 판매 사이트 문의인증번호 확인""}, ""manufacturer"": ""조이키즈"", ""등록년월"": ""2023년 06월"", ""제조회사"": ""조이키즈""}",홈 > 식품/유아/완구 > 유모차/카시트/외출 > 카시트
"에이치플러스몰 캐릭터 안전벨트 쿠션  {""품목"": {""카시트용품"": true, ""출산/육아용품"": true, ""안전벨트인형/커버"": true}, ""KC인증"": {""안전확인인증"": ""상세설명 / 판매 사이트 문의인증번호 확인"", ""적합성평가인증"": ""상세설명 / 판매 사이트 문의인증번호 확인""}, ""등록년월"": ""2020년 03월""}",홈 > 식품/유아/완구 > 유모차/카시트/외출 > 카시트용품
"리에또 아기 유아 카시트 보호매트 논슬립 자동차시트 리에또 {""품목"": {""카시트용품"": true, ""출산/육아용품"": true, ""기타 카시트용품"": true}, ""KC인증"": {""안전확인인증"": ""상세설명 / 판매 사이트 문의인증번호 확인"", ""적합성평가인증"": ""상세설명 / 판매 사이트 문의인증번호 확인""}, ""manufacturer"": ""리에또"", ""등록년월"": ""2019년 06월"", ""제조회사"": ""리에또""}",홈 > 식품/유아/완구 > 유모차/카시트/외출 > 카시트용품
"밴톤 밴톤 밴톤 카시트 발판 전용 스크레치 방지 판넬 밴톤 {""품목"": {""카시트용품"": true, ""출산/육아용품"": true, ""기타 카시트용품"": true}, ""KC인증"": {""안전확인인증"": ""상세설명 / 판매 사이트 문의인증번호 확인"", ""적합성평가인증"": ""상세설명 / 판매 사이트 문의인증번호 확인""}, ""manufacturer"": ""밴톤"", ""등록년월"": ""2019년 05월"", ""제조회사"": ""밴톤""}",홈 > 식품/유아/완구 > 유모차/카시트/외출 > 카시트용품
"스마트베어 멜로디 봉봉 (숲속 아기 동요) 스마트베어 {""특징"": {""불빛"": true}, ""품목"": {""사운드북"": true}, ""학습"": {""학습"": ""동요""}, ""KC인증"": {""안전확인인증"": ""상세설명 / 판매 사이트 문의인증번호 확인"", ""적합성평가인증"": ""상세설명 / 판매 사이트 문의인증번호 확인""}, ""manufacturer"": ""스마트베어"", ""대상연령"": {""대상연령"": ""0세부터""}, ""등록년월"": ""2024년 02월"", ""제조회사"": ""스마트베어""}",홈 > 식품/유아/완구 > 유아의류/신발/도서 > 그림/동화/놀이책
"종이나라 똑똑한 어린이 급수종이접기 (세트(3권)) 종이나라 {""대상"": {""유아용"": true}, ""수량"": {""수량"": ""3권""}, ""품목"": {""종이접기"": true}, ""KC인증"": {""안전확인인증"": ""상세설명 / 판매 사이트 문의인증번호 확인"", ""적합성평가인증"": ""상세설명 / 판매 사이트 문의인증번호 확인""}, ""manufacturer"": ""종이나라"", ""대상연령"": {""대상연령"": ""8세부터""}, ""등록년월"": ""2016년 10월"", ""제조회사"": ""종이나라""}",홈 > 식품/유아/완구 > 유아의류/신발/도서 > 그림/동화/놀이책
"글채움 뉴 아기똥 그림책 세트 (전 25종, 세이펜 미포함) 글채움 {""KC인증"": {""안전확인인증"": ""상세설명 / 판매 사이트 문의인증번호 확인"", ""적합성평가인증"": ""상세설명 / 판매 사이트 문의인증번호 확인""}, ""manufacturer"": ""글채움"", ""등록년월"": ""2019년 04월"", ""제조회사"": ""글채움""}",홈 > 식품/유아/완구 > 유아의류/신발/도서 > 그림/동화/놀이책
"오가닉맘 유아 미니포니속싸보 MLS7CA01 중동텍스타일 오가닉맘 {""품목"": {""손/발싸개"": true, ""신생아의류"": true, ""유아동의류/잡화/도서"": true}, ""KC인증"": {""안전확인인증"": ""상세설명 / 판매 사이트 문의인증번호 확인"", ""적합성평가인증"": ""상세설명 / 판매 사이트 문의인증번호 확인""}, ""manufacturer"": ""중동텍스타일 오가닉맘"", ""등록년월"": ""2025년 06월"", ""제조회사"": ""중동텍스타일 오가닉맘""}",홈 > 식품/유아/완구 > 유아의류/신발/도서 > 신생아의류
"블루독베이비 10 CR 큐트베어 퍼 우주복 45A1360002 서양네트웍스 블루독베이비 {""품목"": {""신생아의류"": true, ""우주복/바디수트"": true, ""유아동의류/잡화/도서"": true}, ""KC인증"": {""안전확인인증"": ""상세설명 / 판매 사이트 문의인증번호 확인"", ""적합성평가인증"": ""상세설명 / 판매 사이트 문의인증번호 확인""}, ""manufacturer"": ""서양네트웍스 블루독베이비"", ""등록년월"": ""2025년 07월"", ""제조회사"": ""서양네트웍스 블루독베이비""}",홈 > 식품/유아/완구 > 유아의류/신발/도서 > 신생아의류
"아가방 리온포쉐신슐우주복01R727505 아가방앤컴퍼니 {""품목"": {""신생아의류"": true, ""우주복/바디수트"": true, ""유아동의류/잡화/도서"": true}, ""KC인증"": {""안전확인인증"": ""상세설명 / 판매 사이트 문의인증번호 확인"", ""적합성평가인증"": ""상세설명 / 판매 사이트 문의인증번호 확인""}, ""manufacturer"": ""아가방앤컴퍼니"", ""등록년월"": ""2024년 10월"", ""제조회사"": ""아가방앤컴퍼니""}",홈 > 식품/유아/완구 > 유아의류/신발/도서 > 신생아의류
"카파 호카오네오네 호카 오네오네 아나 2 고어텍스 로우 트레킹화 신발 올리브 1141632-OHMR 카파 {""품목"": {""신발"": true, ""운동화"": true, ""유아동의류/잡화/도서"": true}, ""KC인증"": {""안전확인인증"": ""상세설명 / 판매 사이트 문의인증번호 확인"", ""적합성평가인증"": ""상세설명 / 판매 사이트 문의인증번호 확인""}, ""manufacturer"": ""카파"", ""등록년월"": ""2024년 07월"", ""제조회사"": ""카파""}",홈 > 식품/유아/완구 > 유아의류/신발/도서 > 유아동신발
"노스페이스키즈 보레알리스 숏 부츠 방한화 (NS87R97T) 노스페이스 {""대상"": {""유아동용"": true}, ""품목"": {""품목"": ""방한부츠""}, ""KC인증"": {""안전확인인증"": ""상세설명 / 판매 사이트 문의인증번호 확인"", ""적합성평가인증"": ""상세설명 / 판매 사이트 문의인증번호 확인""}, ""사이즈"": {""사이즈"": ""160~240mm""}, ""manufacturer"": ""노스페이스"", ""등록년월"": ""2025년 11월"", ""제조회사"": ""노스페이스""}",홈 > 식품/유아/완구 > 유아의류/신발/도서 > 유아동신발
"아디다스 골레토 IX TF J IH0103 아디다스 {""품목"": {""신발"": true, ""운동화"": true, ""유아동의류/잡화/도서"": true}, ""KC인증"": {""안전확인인증"": ""상세설명 / 판매 사이트 문의인증번호 확인"", ""적합성평가인증"": ""상세설명 / 판매 사이트 문의인증번호 확인""}, ""manufacturer"": ""아디다스"", ""등록년월"": ""2025년 01월"", ""제조회사"": ""아디다스""}",홈 > 식품/유아/완구 > 유아의류/신발/도서 > 유아동신발
"블랙야크키즈 O프로즌야상다운자켓1BKPAWU001BS 동진레저 {""품목"": {""유아동의류"": true, ""바람막이/자켓"": true, ""유아동의류/잡화/도서"": true}, ""KC인증"": {""안전확인인증"": ""상세설명 / 판매 사이트 문의인증번호 확인"", ""적합성평가인증"": ""상세설명 / 판매 사이트 문의인증번호 확인""}, ""manufacturer"": ""동진레저"", ""등록년월"": ""2025년 09월"", ""제조회사"": ""동진레저""}",홈 > 식품/유아/완구 > 유아의류/신발/도서 > 유아동의류
"블랙야크키즈 BKO경량T다운자켓 블랙야크키즈 {""대상"": {""아동용"": true}, ""품목"": {""패딩점퍼"": true}, ""KC인증"": {""안전확인인증"": ""상세설명 / 판매 사이트 문의인증번호 확인"", ""적합성평가인증"": ""상세설명 / 판매 사이트 문의인증번호 확인""}, ""manufacturer"": ""블랙야크키즈"", ""등록년월"": ""2021년 09월"", ""제조회사"": ""블랙야크키즈""}",홈 > 식품/유아/완구 > 유아의류/신발/도서 > 유아동의류
"노스페이스키즈 다운 플리스 라인드 자켓 (NJ1DQ91) 노스페이스 {""대상"": {""공용"": true, ""유아동용"": true}, ""품목"": {""다운패딩점퍼"": true}, ""KC인증"": {""안전확인인증"": ""상세설명 / 판매 사이트 문의인증번호 확인"", ""적합성평가인증"": ""상세설명 / 판매 사이트 문의인증번호 확인""}, ""사이즈"": {""사이즈"": ""18M,24M""}, ""manufacturer"": ""노스페이스"", ""등록년월"": ""2024년 12월"", ""제조회사"": ""노스페이스"", ""충전비율"": {""솜털+깃털"": ""거위 솜털 75% + 거위 깃털 25%""}}",홈 > 식품/유아/완구 > 유아의류/신발/도서 > 유아동의류
"매직큐브 매직 큐브 GAN356 M 3x3x3 마그네틱 3x3 스피드 GAN356M 퍼즐 GAN 356 GES 키덜트 178050 매직큐브 {""KC인증"": {""안전확인인증"": ""상세설명 / 판매 사이트 문의인증번호 확인"", ""적합성평가인증"": ""상세설명 / 판매 사이트 문의인증번호 확인""}, ""manufacturer"": ""매직큐브"", ""등록년월"": ""2022년 02월"", ""제조회사"": ""매직큐브""}",홈 > 식품/유아/완구 > 유아의류/신발/도서 > 전자펜/학습기/퍼즐
"아두이노키트 마이크로 USB 5V 1A 18650 TP4056 리튬 배터리 충전기 모듈 보호 + MT3608 2A DC-DC 스텝 업 .. 아두이노키트 {""품목"": {""수학/언어/교구세트"": true, ""퍼즐/전자펜/학습기"": true, ""유아동의류/잡화/도서"": true}, ""KC인증"": {""안전확인인증"": ""상세설명 / 판매 사이트 문의인증번호 확인"", ""적합성평가인증"": ""상세설명 / 판매 사이트 문의인증번호 확인""}, ""manufacturer"": ""아두이노키트"", ""등록년월"": ""2023년 11월"", ""제조회사"": ""아두이노키트""}",홈 > 식품/유아/완구 > 유아의류/신발/도서 > 전자펜/학습기/퍼즐
"아티바바 스포이드 물감놀이 솜 32524392 아티바바 {""품목"": {""퍼즐/전자펜/학습기"": true, ""유아동의류/잡화/도서"": true}, ""KC인증"": {""안전확인인증"": ""상세설명 / 판매 사이트 문의인증번호 확인"", ""적합성평가인증"": ""상세설명 / 판매 사이트 문의인증번호 확인""}, ""manufacturer"": ""아티바바"", ""등록년월"": ""2023년 01월"", ""제조회사"": ""아티바바""}",홈 > 식품/유아/완구 > 유아의류/신발/도서 > 전자펜/학습기/퍼즐
"쎄듀 천일문 입문 기본 완성 핵심 문제집 시리즈 선택 쎄듀 {""KC인증"": {""안전확인인증"": ""상세설명 / 판매 사이트 문의인증번호 확인"", ""적합성평가인증"": ""상세설명 / 판매 사이트 문의인증번호 확인""}, ""manufacturer"": ""쎄듀"", ""등록년월"": ""2023년 03월"", ""제조회사"": ""쎄듀""}",홈 > 식품/유아/완구 > 유아의류/신발/도서 > 참고서/학습책
"아이세움 슈뻘맨의 숨은 과학 찾기 1 아이세움 {""KC인증"": {""안전확인인증"": ""상세설명 / 판매 사이트 문의인증번호 확인"", ""적합성평가인증"": ""상세설명 / 판매 사이트 문의인증번호 확인""}, ""manufacturer"": ""아이세움"", ""등록년월"": ""2023년 03월"", ""제조회사"": ""아이세움""}",홈 > 식품/유아/완구 > 유아의류/신발/도서 > 참고서/학습책
"기탄교육 기탄수학 I단계 (개정판) (세트(5권)) 기탄교육 {""품목"": {""학습책"": true}, ""학습"": {""학습"": ""수학""}, ""KC인증"": {""안전확인인증"": ""상세설명 / 판매 사이트 문의인증번호 확인"", ""적합성평가인증"": ""상세설명 / 판매 사이트 문의인증번호 확인""}, ""manufacturer"": ""기탄교육"", ""대상연령"": {""대상연령"": ""12세부터""}, ""등록년월"": ""2019년 12월"", ""제조회사"": ""기탄교육""}",홈 > 식품/유아/완구 > 유아의류/신발/도서 > 참고서/학습책
"네파키즈 키즈 / 키즈 /본사 KKE8101 아스펜 스트레치 글러브 네파 {""품목"": {""가방/잡화/액세서리"": true, ""유아동의류/잡화/도서"": true, ""파우치/지갑/기타잡화"": true}, ""KC인증"": {""안전확인인증"": ""상세설명 / 판매 사이트 문의인증번호 확인"", ""적합성평가인증"": ""상세설명 / 판매 사이트 문의인증번호 확인""}, ""manufacturer"": ""네파"", ""등록년월"": ""2024년 10월"", ""제조회사"": ""네파""}",홈 > 식품/유아/완구 > 유아의류/신발/도서 > 책가방/잡화
"나이키 헤리티지 윈터라이즈드 유진 백팩 23L 아이보리 (DN3592-072) 나이키 {""대상"": {""공용"": true, ""고학년용"": true}, ""재질"": {""재질"": ""폴리에스터""}, ""크기"": {""가로x세로x폭"": ""31x46x15cm""}, ""특징"": {""쿠션등받이"": true}, ""품목"": {""[책가방]"": true}, ""KC인증"": {""안전확인인증"": ""상세설명 / 판매 사이트 문의인증번호 확인"", ""적합성평가인증"": ""상세설명 / 판매 사이트 문의인증번호 확인""}, ""manufacturer"": ""나이키"", ""등록년월"": ""2024년 07월"", ""제조회사"": ""나이키""}",홈 > 식품/유아/완구 > 유아의류/신발/도서 > 책가방/잡화
"뉴에라 모자 CQK 14205933 MLB 뉴욕 양키스 빈티지 헤링본 언스트럭쳐 볼캡 챠콜 뉴에라 {""품목"": {""모자"": true, ""가방/잡화/액세서리"": true, ""유아동의류/잡화/도서"": true}, ""KC인증"": {""안전확인인증"": ""상세설명 / 판매 사이트 문의인증번호 확인"", ""적합성평가인증"": ""상세설명 / 판매 사이트 문의인증번호 확인""}, ""manufacturer"": ""뉴에라"", ""등록년월"": ""2024년 02월"", ""제조회사"": ""뉴에라""}",홈 > 식품/유아/완구 > 유아의류/신발/도서 > 책가방/잡화
"브이텍 브이텍 강아지돌보기 놀이세트 191500 브이텍 {""품목"": {""젖병/출산/육아용품"": true}, ""KC인증"": {""안전확인인증"": ""상세설명 / 판매 사이트 문의인증번호 확인"", ""적합성평가인증"": ""상세설명 / 판매 사이트 문의인증번호 확인""}, ""manufacturer"": ""브이텍"", ""등록년월"": ""2021년 11월"", ""제조회사"": ""브이텍""}",홈 > 식품/유아/완구 > 젖병/출산/육아용품 > 신생아/영유아완구
"오즈토이 우주선 실리콘 풀 스트링 촉감놀이 당근 오즈토이 {""품목"": {""감각발달완구"": true}, ""KC인증"": {""안전확인인증"": ""상세설명 / 판매 사이트 문의인증번호 확인"", ""적합성평가인증"": ""상세설명 / 판매 사이트 문의인증번호 확인""}, ""manufacturer"": ""오즈토이"", ""감각발달"": {""근육"": true, ""시각"": true, ""청각"": true, ""촉각"": true}, ""대상연령"": {""대상연령"": ""18개월이상""}, ""등록년월"": ""2025년 05월"", ""제조회사"": ""오즈토이""}",홈 > 식품/유아/완구 > 젖병/출산/육아용품 > 신생아/영유아완구
"투모로우 감쪽같은 호기심 리모콘 투모로우 {""품목"": {""감각발달완구"": true}, ""KC인증"": {""안전확인인증"": ""상세설명 / 판매 사이트 문의인증번호 확인"", ""적합성평가인증"": ""상세설명 / 판매 사이트 문의인증번호 확인""}, ""manufacturer"": ""투모로우"", ""등록년월"": ""2020년 10월"", ""제조회사"": ""투모로우"", ""러닝홈 멜로디 기능"": {""X"": true}}",홈 > 식품/유아/완구 > 젖병/출산/육아용품 > 신생아/영유아완구
"신신제약 신신 쿨링시트 (6매) 신신제약 {""품목"": {""품목"": ""해열시트""}, ""KC인증"": {""안전확인인증"": ""상세설명 / 판매 사이트 문의인증번호 확인"", ""적합성평가인증"": ""상세설명 / 판매 사이트 문의인증번호 확인""}, ""manufacturer"": ""신신제약"", ""등록년월"": ""2013년 05월"", ""제조회사"": ""신신제약"", ""지속시간"": {""10시간"": true}}",홈 > 식품/유아/완구 > 젖병/출산/육아용품 > 위생/목욕용품
"비앤비 2013 비앤비 뉴 신생아 면봉 210개 (1통) 보령메디앙스 {""품목"": {""품목"": ""유아면봉""}, ""KC인증"": {""안전확인인증"": ""상세설명 / 판매 사이트 문의인증번호 확인"", ""적합성평가인증"": ""상세설명 / 판매 사이트 문의인증번호 확인""}, ""manufacturer"": ""보령메디앙스"", ""등록년월"": ""2013년 08월"", ""제조회사"": ""보령메디앙스""}",홈 > 식품/유아/완구 > 젖병/출산/육아용품 > 위생/목욕용품
"비지엔젤 비지엔젤 유아 샴푸캡 (3개) 비지엔젤 {""품목"": {""품목"": ""샴푸캡""}, ""KC인증"": {""안전확인인증"": ""상세설명 / 판매 사이트 문의인증번호 확인"", ""적합성평가인증"": ""상세설명 / 판매 사이트 문의인증번호 확인""}, ""manufacturer"": ""비지엔젤"", ""등록년월"": ""2021년 01월"", ""제조회사"": ""비지엔젤""}",홈 > 식품/유아/완구 > 젖병/출산/육아용품 > 위생/목욕용품
"베베끌레르 솔리드 멀티 범퍼침대 (라지 L) 베베끌레르 {""구성"": {""범퍼포함"": true, ""프레임재질"": ""인조가죽"", ""사이즈(범퍼)"": ""특대형(가로~220cm)""}, ""분류"": ""유아침대"", ""종류"": ""범퍼형"", ""특징"": {""변형가능"": ""변형가능"", ""4면개방형"": true, ""자율안전인증"": true}, ""KC인증"": {""안전확인인증"": ""CB024H025-7001인증번호 확인"", ""적합성평가인증"": ""상세설명 / 판매 사이트 문의인증번호 확인""}, ""manufacturer"": ""베베끌레르"", ""등록년월"": ""2021년 03월"", ""제조회사"": ""베베끌레르"", ""사용가능연령"": ""0~7세""}",홈 > 식품/유아/완구 > 젖병/출산/육아용품 > 유아가구
"나무뜰 버디 E0등급 타원형 에그 테이블 (600x396) 나무뜰 {""가로"": ""60cm"", ""상판"": ""목재(MDF)"", ""용도"": ""유아, 아동용"", ""특징"": {""모서리라운드처리"": true}, ""형태"": ""땅콩형"", ""KC인증"": {""안전확인인증"": ""상세설명 / 판매 사이트 문의인증번호 확인"", ""적합성평가인증"": ""상세설명 / 판매 사이트 문의인증번호 확인""}, ""프레임"": ""목재"", ""manufacturer"": ""나무뜰"", ""등록년월"": ""2025년 09월"", ""상판깊이"": ""39.6cm"", ""자재등급"": ""E0등급"", ""제조회사"": ""나무뜰""}",홈 > 식품/유아/완구 > 젖병/출산/육아용품 > 유아가구
"디홀릭 토리 원목 정사각 유아 수납책상+신형의자 2개 세트 (730x730) 디홀릭 {""가로"": ""73cm"", ""상판"": ""원목"", ""용도"": ""유아, 아동용"", ""특징"": {""모서리라운드처리"": true}, ""형태"": ""일자형"", ""KC인증"": {""안전확인인증"": ""상세설명 / 판매 사이트 문의인증번호 확인"", ""적합성평가인증"": ""상세설명 / 판매 사이트 문의인증번호 확인""}, ""프레임"": ""목재"", ""manufacturer"": ""디홀릭"", ""등록년월"": ""2021년 04월"", ""상판깊이"": ""73cm"", ""자재등급"": ""SE0등급"", ""제조회사"": ""디홀릭""}",홈 > 식품/유아/완구 > 젖병/출산/육아용품 > 유아가구
"더블하트 마그마그 코롱 빨대컵/드링킹컵/스파우트컵 유한킴벌리 {""품목"": {""이유식용품"": true, ""유아식기/수저"": true, ""출산/육아용품"": true}, ""KC인증"": {""안전확인인증"": ""상세설명 / 판매 사이트 문의인증번호 확인"", ""적합성평가인증"": ""상세설명 / 판매 사이트 문의인증번호 확인""}, ""manufacturer"": ""유한킴벌리"", ""등록년월"": ""2023년 12월"", ""제조회사"": ""유한킴벌리""}",홈 > 식품/유아/완구 > 젖병/출산/육아용품 > 이유식용품
"스와비넥스 헬로폭스 온더고 스푼홀더세트 스와비넥스 {""재질"": {""재질"": ""폴리프로필렌,TPE""}, ""품목"": {""이유식스푼세트"": true}, ""KC인증"": {""안전확인인증"": ""상세설명 / 판매 사이트 문의인증번호 확인"", ""적합성평가인증"": ""상세설명 / 판매 사이트 문의인증번호 확인""}, ""manufacturer"": ""스와비넥스"", ""대상연령"": {""대상연령"": ""4개월부터""}, ""등록년월"": ""2016년 04월"", ""제조회사"": ""스와비넥스""}",홈 > 식품/유아/완구 > 젖병/출산/육아용품 > 이유식용품
"프로미스 실리콘 턱받이 (1개) 프로미스 {""무게"": {""~g"": ""96g""}, ""재질"": {""재질"": ""실리콘""}, ""품목"": {""이유식턱받이"": true}, ""KC인증"": {""안전확인인증"": ""상세설명 / 판매 사이트 문의인증번호 확인"", ""적합성평가인증"": ""상세설명 / 판매 사이트 문의인증번호 확인""}, ""manufacturer"": ""프로미스"", ""대상연령"": {""대상연령"": ""6개월이상""}, ""등록년월"": ""2022년 04월"", ""제조회사"": ""프로미스""}",홈 > 식품/유아/완구 > 젖병/출산/육아용품 > 이유식용품
"그린핑거 베베그로우 젖꼭지 2개입 (S) 유한킴벌리 {""품목"": {""젖꼭지"": true}, ""KC인증"": {""안전확인인증"": ""상세설명 / 판매 사이트 문의인증번호 확인"", ""적합성평가인증"": ""상세설명 / 판매 사이트 문의인증번호 확인""}, ""manufacturer"": ""유한킴벌리"", ""등록년월"": ""2023년 03월"", ""제조회사"": ""유한킴벌리"", ""젖꼭지재질"": {""실리콘"": true}}",홈 > 식품/유아/완구 > 젖병/출산/육아용품 > 젖병/수유용품
"더블하트 모유실감 3세대 PPSU 제뉴인화이트 160ml (젖병 2개 + 젖꼭지 2개) 유한킴벌리 {""재질"": {""PPSU"": true}, ""품목"": {""젖병+젖꼭지"": true}, ""KC인증"": {""안전확인인증"": ""상세설명 / 판매 사이트 문의인증번호 확인"", ""적합성평가인증"": ""상세설명 / 판매 사이트 문의인증번호 확인""}, ""manufacturer"": ""유한킴벌리"", ""등록년월"": ""2024년 07월"", ""사용가능"": {""스팀"": true, ""열탕"": true, ""UV소독기"": true, ""전자레인지"": true}, ""제조회사"": ""유한킴벌리"", ""젖꼭지재질"": {""실리콘"": true}}",홈 > 식품/유아/완구 > 젖병/출산/육아용품 > 젖병/수유용품
"메델라 스윙 전동식 유축기 (일반) 메델라 {""품목"": {""유축기"": true}, ""KC인증"": {""안전확인인증"": ""상세설명 / 판매 사이트 문의인증번호 확인"", ""적합성평가인증"": ""상세설명 / 판매 사이트 문의인증번호 확인""}, ""manufacturer"": ""메델라"", ""등록년월"": ""2007년 06월"", ""제조회사"": ""메델라""}",홈 > 식품/유아/완구 > 젖병/출산/육아용품 > 젖병/수유용품
"피앤알 부드러운텐셀소재웰빙마터니티편안한임부상하내의 피앤알 {""품목"": {""임부속옷"": true, ""임산부복"": true, ""신생아완구,젖병"": true}, ""KC인증"": {""안전확인인증"": ""상세설명 / 판매 사이트 문의인증번호 확인"", ""적합성평가인증"": ""상세설명 / 판매 사이트 문의인증번호 확인""}, ""manufacturer"": ""피앤알"", ""등록년월"": ""2019년 01월"", ""제조회사"": ""피앤알""}",홈 > 식품/유아/완구 > 젖병/출산/육아용품 > 출산/신생아용품
"보리맘 드림 수유복 세트 단추 수유티 임산부 홈웨어 만삭까지 ID97 보리맘 {""품목"": {""수유복"": true, ""임산부복"": true, ""신생아완구/젖병"": true}, ""KC인증"": {""안전확인인증"": ""상세설명 / 판매 사이트 문의인증번호 확인"", ""적합성평가인증"": ""상세설명 / 판매 사이트 문의인증번호 확인""}, ""manufacturer"": ""보리맘"", ""등록년월"": ""2021년 09월"", ""제조회사"": ""보리맘""}",홈 > 식품/유아/완구 > 젖병/출산/육아용품 > 출산/신생아용품
"아가방앤컴퍼니 에뜨와 에뜨와 에뜨와 07P084412A 쌍둥이출산선물 리프속싸보 2종세트 유아 출산 백일 조카선물 아가방앤컴퍼니 {""품목"": {""속싸개"": true, ""유아침구"": true, ""신생아완구/젖병"": true}, ""KC인증"": {""안전확인인증"": ""상세설명 / 판매 사이트 문의인증번호 확인"", ""적합성평가인증"": ""상세설명 / 판매 사이트 문의인증번호 확인""}, ""manufacturer"": ""아가방앤컴퍼니"", ""등록년월"": ""2022년 06월"", ""제조회사"": ""아가방앤컴퍼니""}",홈 > 식품/유아/완구 > 젖병/출산/육아용품 > 출산/신생아용품
